{"cameraMode":{"drawMode":0,"name":"Shaded","section":"Shading Mode"},"sceneLighting":false,"audioPlay":false,"sceneViewState":{"showFog":true,"showMaterialUpdate":false,"showSkybox":false,"showFlares":true,"showImageEffects":true,"showParticleSystems":true},"in2DMode":false,"pivot":{"x":-1.457499384880066,"y":1.5199999809265137,"z":0.2567042112350464},"rotation":{"x":-0.10417921096086502,"y":-0.02445710450410843,"z":0.002567822113633156,"w":-0.9942837953567505},"size":1.5000207424163819,"orthographic":false}