{"cameraMode":{"drawMode":0,"name":"Shaded","section":"Shading Mode"},"sceneLighting":true,"audioPlay":false,"sceneViewState":{"showFog":true,"showMaterialUpdate":false,"showSkybox":true,"showFlares":true,"showImageEffects":true,"showParticleSystems":true},"in2DMode":false,"pivot":{"x":-1.1990002393722535,"y":0.18017570674419404,"z":0.41507667303085329},"rotation":{"x":0.0573602095246315,"y":-0.887604296207428,"z":0.442320317029953,"w":0.11511978507041931},"size":0.610458493232727,"orthographic":false}