{"cameraMode":{"drawMode":0,"name":"Shaded","section":"Shading Mode"},"sceneLighting":true,"audioPlay":false,"sceneViewState":{"showFog":true,"showMaterialUpdate":false,"showSkybox":true,"showFlares":true,"showImageEffects":true,"showParticleSystems":true},"in2DMode":false,"pivot":{"x":-0.737352728843689,"y":1.6399061679840088,"z":0.7999112606048584},"rotation":{"x":0.30898603796958926,"y":0.17525500059127809,"z":-0.058041058480739596,"w":0.9329901933670044},"size":4.785788536071777,"orthographic":false}