{"cameraMode":{"drawMode":0,"name":"Shaded","section":"Shading Mode"},"sceneLighting":true,"audioPlay":false,"sceneViewState":{"showFog":true,"showMaterialUpdate":false,"showSkybox":true,"showFlares":true,"showImageEffects":true,"showParticleSystems":true},"in2DMode":false,"pivot":{"x":-0.6664355993270874,"y":0.19898349046707154,"z":-0.027764439582824708},"rotation":{"x":-0.1378391683101654,"y":0.8281327486038208,"z":-0.23274973034858704,"w":-0.49108263850212099},"size":0.03596377372741699,"orthographic":false}