{"cameraMode":{"drawMode":0,"name":"Shaded","section":"Shading Mode"},"sceneLighting":false,"audioPlay":false,"sceneViewState":{"showFog":true,"showMaterialUpdate":false,"showSkybox":false,"showFlares":true,"showImageEffects":true,"showParticleSystems":true},"in2DMode":false,"pivot":{"x":-1.4182759523391724,"y":1.3432810306549073,"z":0.6437773704528809},"rotation":{"x":0.43087154626846316,"y":0.03488866239786148,"z":-0.01667669601738453,"w":0.9015988707542419},"size":0.2857882082462311,"orthographic":false}